City,Lat,Lng,Max Temp,Humidity,Cloudiness,Windspeed,Country,Date
inhambane,-23.865,35.3833,70.45,84,4,4.61,MZ,1682483174
farasan,16.7022,42.1183,85.06,77,19,7.65,SA,1682483174
grytviken,-54.2811,-36.5092,35.85,88,58,15.79,GS,1682483175
pacasmayo,-7.4006,-79.5714,75.7,78,95,9.35,PE,1682483175
udachny,66.4167,112.4,28.45,73,100,11.45,RU,1682483175
olonkinbyen,70.9221,-8.7187,25.54,69,100,12.26,SJ,1682483176
zhigalovo,54.8097,105.1578,32.22,78,100,10.96,RU,1682483176
yellowknife,62.456,-114.3525,34.32,100,100,8.05,CA,1682483177
harstad,68.799,16.5293,33.15,97,97,20.0,NO,1682483177
ilulissat,69.2167,-51.1,32.02,100,100,10.36,GL,1682483177
borcka,41.3632,41.6765,57.56,64,14,6.64,TR,1682483177
puerto aysen,-45.4,-72.7,48.36,95,68,3.24,CL,1682483178
sinabang,2.4803,96.3801,86.18,68,100,3.94,ID,1682483178
bredasdorp,-34.5322,20.0403,56.26,90,93,2.91,ZA,1682483178
port-aux-francais,-49.35,70.2167,43.72,95,96,24.34,TF,1682483178
saipan,15.1355,145.701,90.3,100,40,21.85,MP,1682483179
west island,-12.1568,96.8225,84.18,74,75,18.41,CC,1682483179
gubkinskiy,64.434,76.5026,27.79,90,44,5.88,RU,1682483179
bethel,41.3712,-73.414,44.91,76,0,0.0,US,1682483179
kicevo,41.5144,20.9633,43.3,96,100,2.95,MK,1682483180
ribeira grande,38.5167,-28.7,62.78,95,100,11.99,PT,1682483180
kasama,-10.2129,31.1808,57.67,97,10,3.33,ZM,1682483180
palencia,42.4167,-4.5,52.79,91,100,4.25,ES,1682483180
edinburgh of the seven seas,-37.0676,-12.3116,59.4,65,78,29.19,SH,1682483180
puerto natales,-51.7236,-72.4875,38.55,85,100,4.63,CL,1682482895
zhuanghe,39.7008,122.9911,57.97,23,0,11.95,CN,1682483181
adamstown,-25.066,-130.1015,76.62,74,6,11.81,PN,1682482891
tolanaro,-25.0319,46.9987,66.27,77,20,4.61,MG,1682482904
waitangi,-43.9535,-176.5597,50.83,79,86,4.0,NZ,1682483183
nantucket,41.2835,-70.0995,46.51,89,20,0.0,US,1682483183
luanco,43.6152,-5.7934,62.29,96,100,2.68,ES,1682483184
jamestown,42.097,-79.2353,40.59,91,100,3.44,US,1682483184
borogontsy,62.6683,131.1683,34.68,92,99,8.03,RU,1682483184
blackmans bay,-43.0167,147.3167,72.52,46,5,4.29,AU,1682483185
fale old settlement,-9.3852,-171.2468,84.67,73,14,12.03,TK,1682483185
hawaiian paradise park,19.5933,-154.9731,76.51,79,20,10.36,US,1682483185
stanley,54.868,-1.6985,34.7,87,100,1.14,GB,1682483185
pandan,14.0453,124.1694,83.93,69,28,10.13,PH,1682483186
akureyri,65.6835,-18.0878,28.33,74,100,5.75,IS,1682483186
mount isa,-20.7333,139.5,85.77,39,100,8.05,AU,1682483186
hats'avan,39.4641,45.9705,48.15,69,37,2.66,AM,1682483187
labrador city,52.9463,-66.9114,28.31,80,0,4.61,CA,1682483187
bay roberts,47.5999,-53.2648,36.14,92,97,7.0,CA,1682483187
punta arenas,-53.15,-70.9167,42.91,65,75,11.5,CL,1682482932
lazaro cardenas,17.9583,-102.2,76.8,69,86,6.24,MX,1682483188
vilyuchinsk,52.9306,158.4028,43.07,71,31,15.03,RU,1682483188
seme,15.1942,-12.9448,84.69,24,15,11.1,SN,1682483188
viedma,-40.8135,-62.9967,66.09,50,100,9.13,AR,1682483189
puerto ayora,-0.7393,-90.3518,76.55,96,87,1.99,EC,1682483189
liberal,37.0431,-100.921,44.74,100,100,19.57,US,1682483013
iqaluit,63.7506,-68.5145,29.93,100,75,0.0,CA,1682482967
geneseo,42.7959,-77.8169,41.54,84,100,1.05,US,1682483190
kuanda,56.3161,116.0806,36.84,47,51,1.23,RU,1682483190
takoradi,4.8845,-1.7554,80.02,87,91,7.31,GH,1682483190
longyearbyen,78.2186,15.6401,19.24,73,0,4.61,SJ,1682483190
hithadhoo,-0.6,73.0833,84.52,75,100,14.27,MV,1682483191
strugi-krasnyye,58.2675,29.1114,48.18,76,10,4.05,RU,1682483191
ivdel',60.6911,60.4206,54.32,71,100,1.74,RU,1682483192
port mathurin,-19.6833,63.4167,78.55,80,8,14.92,MU,1682483192
pitimbu,-7.4706,-34.8086,77.59,87,100,7.36,BR,1682483192
nova sintra,14.8667,-24.7167,68.04,76,3,19.19,CV,1682483193
howrah,22.5892,88.3103,89.6,51,40,0.0,IN,1682483193
mugia,43.1041,-9.2179,61.16,96,100,8.63,ES,1682483194
utrik,11.2278,169.8474,80.69,80,94,22.17,MH,1682483194
albany,42.6001,-73.9662,39.81,81,1,1.99,US,1682483192
bakanas,44.8081,76.2772,60.84,29,0,23.38,KZ,1682483194
east london,-33.0153,27.9116,70.74,94,100,5.75,ZA,1682483195
tura,25.5198,90.2201,90.19,25,68,5.68,IN,1682483195
tual,-5.6667,132.75,83.48,73,98,5.48,ID,1682483195
trincomalee,8.5711,81.2335,84.88,70,79,5.5,LK,1682483196
coquimbo,-29.9533,-71.3436,58.73,88,100,3.44,CL,1682483166
santo antonio do ica,-3.1022,-67.9397,72.14,97,81,2.33,BR,1682483196
borovichi,58.3878,33.9155,50.56,71,100,3.06,RU,1682483196
genhe,50.7833,121.5167,47.52,21,89,5.46,CN,1682483197
invercargill,-46.4,168.35,53.02,82,100,1.99,NZ,1682483197
gokceada,40.2011,25.909,54.68,85,45,13.76,TR,1682483197
margaret river,-33.95,115.0667,62.8,72,100,13.22,AU,1682483197
hanzhong,33.0728,107.0303,69.04,59,46,3.4,CN,1682483197
nova vicosa,-17.8919,-39.3719,74.26,88,3,0.58,BR,1682483197
sisimiut,66.9395,-53.6735,33.3,98,100,7.47,GL,1682483198
carutapera,-1.195,-46.02,74.68,95,42,3.89,BR,1682483198
kerrville,30.0474,-99.1403,68.92,89,28,5.01,US,1682482950
san fernando de apure,7.8878,-67.4724,74.37,87,99,2.35,VE,1682483198
wailua homesteads,22.0669,-159.378,77.43,74,75,12.66,US,1682483198
debark',13.1561,37.8981,59.74,41,100,3.42,ET,1682483198
nemuro,43.3236,145.575,41.74,93,100,34.58,JP,1682483199
anadyr,64.75,177.4833,23.5,57,0,21.99,RU,1682483199
uturoa,-16.7333,-151.4333,82.22,75,90,7.05,PF,1682483199
northam,51.0333,-4.2167,45.61,76,100,11.48,GB,1682483199
punta del este,-34.9667,-54.95,63.88,97,20,3.44,UY,1682483199
keflavik,64.0049,-22.5624,34.23,86,75,9.22,IS,1682483200
puerto santa,-8.9906,-78.6456,75.22,81,69,7.47,PE,1682483200
kodiak,57.79,-152.4072,36.91,93,100,6.91,US,1682483200
anaconda,46.1285,-112.9423,41.99,90,63,5.82,US,1682483200
flushing,51.4425,3.5736,36.97,87,95,2.17,NL,1682483200
cidreira,-30.1811,-50.2056,69.19,89,100,9.71,BR,1682483200
crixas,-14.5489,-49.9692,75.07,67,60,1.92,BR,1682483201
at taj,24.2049,23.2857,69.89,18,0,8.81,LY,1682483201
newport,51.5877,-2.9984,45.45,80,100,6.22,GB,1682483201
khandyga,62.6667,135.6,39.58,72,76,3.42,RU,1682483201
polyarnyy,69.1989,33.4478,23.72,84,80,3.91,RU,1682483201
ushuaia,-54.8,-68.3,46.06,57,20,13.8,AR,1682483201
constantia,44.1833,28.65,47.08,86,86,8.63,RO,1682483045
georgetown,5.4112,100.3354,91.33,70,20,9.22,MY,1682483190
tobelo,1.7284,128.0095,85.24,69,95,5.99,ID,1682483202
puerto lopez,4.0845,-72.956,76.05,85,77,3.38,CO,1682483202
san patricio,28.017,-97.5169,75.15,91,39,12.48,US,1682483202
tierra colorada,17.1667,-99.5833,77.56,82,4,0.56,MX,1682483202
shakiso,5.75,38.9167,56.1,96,64,2.86,ET,1682483203
hualien city,23.9769,121.6044,70.34,91,100,13.13,TW,1682483203
nagqu,31.5,92.0,31.78,51,52,3.76,CN,1682483203
tanacu,46.6833,27.8167,46.44,98,70,4.63,RO,1682483203
qaqortoq,60.7167,-46.0333,32.49,94,95,0.74,GL,1682483203
college,64.8569,-147.8028,39.18,46,75,10.36,US,1682483135
kawm umbu,24.4767,32.9463,72.66,15,1,8.9,EG,1682483203
lewistown,40.5992,-77.5714,47.14,87,100,0.0,US,1682483204
aasiaat,68.7098,-52.8699,31.62,99,100,7.74,GL,1682483204
kapuskasing,49.4169,-82.4331,28.49,100,100,6.91,CA,1682483204
arteche,12.2645,125.4048,82.17,80,83,5.23,PH,1682483204
jerome,42.7241,-114.5186,49.03,54,0,9.22,US,1682483204
banjar,-8.19,114.9675,85.5,73,46,2.95,ID,1682483204
alice springs,-23.7,133.8833,85.55,26,40,5.75,AU,1682483204
port blair,11.6667,92.75,89.64,70,40,8.05,IN,1682483205
kenai,60.5544,-151.2583,41.09,71,0,10.36,US,1682483205
quelimane,-17.8786,36.8883,73.71,72,83,2.1,MZ,1682483205
hami,42.8,93.45,64.0,18,91,6.87,CN,1682483205
luderitz,-26.6481,15.1594,61.88,78,1,8.37,NA,1682483205
richards bay,-28.783,32.0377,67.48,93,5,2.89,ZA,1682483205
guerrero negro,27.9769,-114.0611,59.16,80,0,13.8,MX,1682483205
pimentel,-6.8367,-79.9342,77.29,78,75,2.3,PE,1682483206
ed damer,17.5928,33.9592,82.38,43,36,7.78,SD,1682483206
hamilton,39.1834,-84.5333,52.74,69,100,0.0,US,1682483005
dwarka,22.2394,68.9678,82.08,62,78,10.8,IN,1682483206
ust-nera,64.5667,143.2,30.9,79,28,3.33,RU,1682483206
portland,45.5234,-122.6762,58.03,65,72,1.99,US,1682482968
isafjordur,66.0755,-23.124,28.36,65,6,5.19,IS,1682483207
iskateley,67.6803,53.1512,24.1,91,10,12.33,RU,1682483207
lompoc,34.6391,-120.4579,51.94,95,100,4.61,US,1682483207
thompson,55.7435,-97.8558,37.56,44,40,3.44,CA,1682483207
stung treng,13.5259,105.9683,96.51,33,100,6.49,KH,1682483207
aykhal,66.0,111.5,24.37,87,100,12.26,RU,1682483207
tsarevo,42.1667,27.85,53.38,94,100,1.66,BG,1682483207
codrington,-38.2667,141.9667,75.52,42,100,15.77,AU,1682483208
belaya glina,46.07,40.86,50.59,78,1,4.32,RU,1682483208
cheremukhovo,60.3484,59.9851,56.84,52,100,2.71,RU,1682483208
buka,40.8108,69.1986,66.92,44,0,5.39,UZ,1682483208
sturgis,41.7992,-85.4192,37.2,90,0,0.0,US,1682483208
vadso,70.0744,29.7487,30.36,74,0,3.44,NO,1682483208
shenjiamen,29.9576,122.298,61.21,66,4,10.74,CN,1682483209
uzhur,55.3036,89.8339,32.54,83,100,9.37,RU,1682483209
lensk,60.7253,114.9278,34.86,71,100,8.19,RU,1682483209
avarua,-21.2078,-159.775,78.85,69,100,5.75,CK,1682483209
carauari,-4.8828,-66.8958,72.23,99,53,1.81,BR,1682483209
tailai,46.3833,123.4,58.78,13,39,21.61,CN,1682483209
martapura,-3.4167,114.85,91.49,58,40,4.61,ID,1682483210
kapa'a,22.0752,-159.319,78.78,74,75,12.66,US,1682483210
calchaqui,-29.8877,-60.287,59.29,86,18,2.73,AR,1682483210
mbekenyera,-10.0,38.9833,66.09,94,3,3.69,TZ,1682483210
motygino,58.1831,94.7592,31.15,79,100,6.8,RU,1682483210
ta`u,-14.2336,-169.5144,82.83,71,19,6.02,AS,1682483210
jolo,6.05,121.0167,86.77,65,65,2.64,PH,1682483210
kayangel,8.0823,134.7173,83.82,69,7,4.65,PW,1682483210
gonabad,34.3529,58.6837,75.27,29,40,0.0,IR,1682483211
chemolgan,43.1897,76.5292,55.06,49,0,5.79,KZ,1682483211
bilibino,68.0546,166.4372,30.07,70,1,1.61,RU,1682483211
purulha,15.2667,-90.2,55.29,97,97,3.71,GT,1682483211
muisne,0.6,-80.0333,78.21,85,100,1.54,EC,1682483211
wicklow,53.0,-6.4167,38.46,92,100,2.82,IE,1682483212
atafu village,-8.5421,-172.5159,84.36,75,75,13.8,TK,1682483212
el calafate,-50.3408,-72.2768,40.33,73,17,7.58,AR,1682483212
arenapolis,-14.4503,-56.8461,71.96,87,19,1.36,BR,1682483212
new norfolk,-42.7826,147.0587,73.71,31,2,2.08,AU,1682483212
badger,64.8,-147.5333,39.11,45,75,10.36,US,1682483212
machico,32.7,-16.7667,65.01,59,20,0.0,PT,1682483213
hammerfest,70.6634,23.6821,28.85,80,0,6.91,NO,1682483213
shaowu,27.3409,117.4831,70.5,59,63,1.41,CN,1682483213
happy valley-goose bay,53.3168,-60.3315,35.91,75,20,4.61,CA,1682483213
hermanus,-34.4187,19.2345,53.8,86,100,7.56,ZA,1682483213
marsh harbour,26.5412,-77.0636,75.47,73,68,7.83,BS,1682483213
port saint john's,-31.6229,29.5448,70.25,92,55,7.47,ZA,1682483213
novodvinsk,64.4165,40.8122,37.15,89,100,7.45,RU,1682483213
tofol,5.3248,163.0078,87.58,66,75,11.5,FM,1682483214
la foa,-21.7108,165.8276,80.28,67,100,1.14,NC,1682483214
mariara,10.2964,-67.7181,73.42,78,34,1.77,VE,1682483214
east ballina,-28.8667,153.5833,72.81,55,51,13.31,AU,1682483214
atkarsk,51.8718,45.0078,49.62,93,72,15.3,RU,1682483214
pisco,-13.7,-76.2167,71.65,83,0,2.3,PE,1682483214
tulun,54.5611,100.5792,30.99,50,100,13.85,RU,1682483215
kolonia,50.9333,6.95,37.96,84,20,2.3,DE,1682483062
alekseyevskoye,55.3071,50.1135,54.7,77,100,17.36,RU,1682483215
apaxtla de castrejon,18.15,-99.8667,75.65,31,39,2.08,MX,1682483215
batang,-6.4846,110.7083,85.51,68,38,6.24,ID,1682483215
colonia,50.9333,6.95,37.96,84,20,2.3,DE,1682483215
okha,53.5739,142.9478,34.68,90,100,14.38,RU,1682483216
midvagur,62.0511,-7.1939,34.63,69,75,12.66,FO,1682483216
port elizabeth,-33.918,25.5701,66.31,99,100,3.44,ZA,1682483216
yuzhno-kurilsk,44.0306,145.8556,41.72,91,100,27.09,RU,1682483216
belo sur tsiribihina,-19.7,44.55,69.31,88,2,3.69,MG,1682483216
erzhausen,49.9553,8.6475,37.35,88,18,2.08,DE,1682483216
riviere-du-loup,47.8304,-69.5342,39.47,100,100,0.0,CA,1682483216
candon,17.1947,120.4517,89.96,57,27,11.68,PH,1682483217
sofiyivka,48.0493,33.8746,49.62,70,89,6.26,UA,1682483217
birao,10.2849,22.7882,86.38,37,81,8.16,CF,1682483217
mozarlandia,-14.7447,-50.5706,73.13,70,77,2.86,BR,1682483217
geraldton,-28.7667,114.6,72.01,49,53,11.5,AU,1682483217
chonchi,-42.6128,-73.8092,51.01,97,100,2.04,CL,1682483217
sao miguel do araguaia,-13.275,-50.1628,73.04,72,7,2.68,BR,1682483217
coronel suarez,-37.4547,-61.9334,57.51,69,100,4.41,AR,1682483218
koumra,8.9126,17.5539,81.41,49,74,5.08,TD,1682483218
ubari,26.5921,12.7805,68.83,24,2,9.08,LY,1682483218
yurty,56.0498,97.6348,34.52,53,100,9.73,RU,1682483218
qionghai,19.2425,110.4642,77.9,81,100,8.01,CN,1682483218
vila franca do campo,37.7167,-25.4333,63.01,94,39,8.1,PT,1682483218
shohimardon,39.9839,71.8028,65.17,49,76,3.85,UZ,1682483219
talnakh,69.4865,88.3972,31.21,95,100,3.87,RU,1682483219
lebu,-37.6167,-73.65,57.2,81,100,3.15,CL,1682483219
koryazhma,61.3143,47.1691,53.13,72,100,5.06,RU,1682483219
pumiao,22.75,108.4833,77.4,44,7,6.4,CN,1682483219
fort st. john,56.2499,-120.8529,35.49,75,75,2.3,CA,1682483219
whitehorse,60.7161,-135.0538,36.37,40,100,10.0,CA,1682483053
itamaraca,-7.7478,-34.8256,77.05,88,100,6.67,BR,1682483220
yurimaguas,-5.9,-76.0833,71.29,99,31,0.78,PE,1682483220
ubauro,28.1652,69.7289,94.77,12,99,7.16,PK,1682483220
puerto baquerizo moreno,-0.9,-89.6,78.26,78,46,4.83,EC,1682483220
malango,-2.9627,119.9001,79.16,78,79,2.35,ID,1682483220
arar,30.9753,41.0381,66.22,42,0,11.5,SA,1682483220
tejen,37.3834,60.5054,80.29,16,22,9.1,TM,1682483220
plastun,44.7561,136.2939,51.13,51,71,2.95,RU,1682483220
chibougamau,49.9168,-74.3659,33.42,100,100,6.91,CA,1682483221
pecos,31.4229,-103.4932,77.31,40,0,8.05,US,1682483079
altai,46.3722,96.2583,26.8,54,89,10.02,MN,1682483221
brisas de zicatela,15.8369,-97.0419,79.32,83,0,5.75,MX,1682483221
katsuura,35.1333,140.3,65.66,96,100,25.05,JP,1682483221
mahibadhoo,3.7833,72.9667,83.86,75,82,8.08,MV,1682483221
kingston,17.997,-76.7936,79.75,81,20,6.91,JM,1682483121
mili,6.0815,171.735,79.77,81,100,10.54,MH,1682483222
letterkenny,54.95,-7.7333,40.66,96,100,2.19,IE,1682483222
morrope,-6.5417,-80.0111,77.11,72,58,11.7,PE,1682483222
ibarreta,-25.2144,-59.8585,60.15,98,7,2.95,AR,1682483223
darzab,35.9774,65.3783,71.78,33,1,2.26,AF,1682483224
laguna,38.421,-121.4238,71.58,53,0,8.05,US,1682483224
whakatane,-37.9585,176.9854,72.52,64,65,1.01,NZ,1682483224
queenstown,-31.8976,26.8753,51.35,88,4,1.68,ZA,1682483224
lionville,40.0537,-75.6599,46.99,71,0,0.0,US,1682483225
newman,37.3138,-121.0208,71.83,61,4,3.0,US,1682483225
ylitornio,66.3089,23.6773,31.53,97,100,7.36,FI,1682483226
umba,66.6871,34.3429,31.41,81,99,10.6,RU,1682483226
ahar,38.4774,47.0699,52.97,70,2,3.33,IR,1682483226
selfoss,63.9331,-20.9971,30.04,66,90,7.34,IS,1682483226
sola,-13.8833,167.55,80.78,73,50,1.92,VU,1682483227
papatowai,-46.5619,169.4708,54.63,71,91,13.98,NZ,1682483227
camalu,30.85,-116.0667,58.19,84,17,4.83,MX,1682483228
chilca,-12.5211,-76.7372,71.83,85,49,8.52,PE,1682483228
kenora,49.8167,-94.4337,36.57,48,40,4.61,CA,1682483228
tucuma,-0.1833,-50.05,75.25,94,82,4.0,BR,1682483229
acapulco de juarez,16.8634,-99.8901,80.42,74,40,5.75,MX,1682482945
madera,37.1666,-119.8343,73.49,76,7,4.23,US,1682483039
klyuchi,52.2667,79.1667,61.5,41,61,13.35,RU,1682483229
banda aceh,5.5577,95.3222,87.67,63,100,10.36,ID,1682483230
palikir - national government center,6.9248,158.1611,81.55,78,23,12.26,FM,1682483230
abancay,-13.6339,-72.8814,55.94,94,97,2.68,PE,1682483231
carnarvon,-24.8667,113.6333,70.88,47,0,14.25,AU,1682483231
matoury,4.8483,-52.3317,75.16,100,100,2.3,GF,1682483231
kibaya,-5.3,36.5667,61.12,96,100,2.48,TZ,1682483231
north bend,43.4065,-124.2243,53.85,88,0,12.66,US,1682483232
zyryanovsk,49.7386,84.2719,39.02,60,99,1.74,KZ,1682483232
hobyo,5.3505,48.5268,83.79,73,91,8.25,SO,1682483232
beroroha,-21.6667,45.1667,67.66,77,2,2.19,MG,1682483232
christchurch,-43.5333,172.6333,54.41,63,75,11.5,NZ,1682483233
la ronge,55.1001,-105.2842,37.65,93,100,12.66,CA,1682483233
san antonio de pale,-1.4014,5.6325,82.6,75,100,9.95,GQ,1682483233
walvis bay,-22.9575,14.5053,59.09,94,100,8.05,NA,1682483234
nar'yan-mar,67.6713,53.087,24.22,91,10,12.35,RU,1682483234
moyynkum,44.2914,72.9469,63.23,26,0,27.56,KZ,1682483234
stephenville,32.2207,-98.2023,65.19,86,75,17.27,US,1682483235
korla,41.7597,86.1469,64.94,25,97,17.72,CN,1682483235
jianshui,23.6363,102.8264,78.35,48,49,5.3,CN,1682483235
beyneu,45.3167,55.2,70.52,21,95,24.49,KZ,1682483236
greymouth,-42.4667,171.2,54.93,72,100,5.01,NZ,1682483236
panevezys,55.7333,24.35,43.47,78,83,10.42,LT,1682483236
benghazi,32.1167,20.0667,65.79,51,85,4.7,LY,1682483237
gulf breeze,30.3571,-87.1639,69.75,91,0,0.0,US,1682483237
tiksi,71.6872,128.8694,16.27,89,96,4.65,RU,1682483237
douglas,41.3,-96.167,53.74,54,0,8.05,US,1682483237
itambacuri,-18.0311,-41.685,67.96,98,73,2.98,BR,1682483171
ponta delgada,37.7333,-25.6667,63.32,100,75,8.05,PT,1682483238
arvayheer,46.2639,102.775,43.81,15,14,22.1,MN,1682483238
taldykorgan,45.0156,78.3739,59.36,32,0,18.7,KZ,1682483239
sao borja,-28.6606,-56.0044,62.94,97,35,3.49,BR,1682483239
el granada,37.5027,-122.4694,64.94,79,20,18.41,US,1682483239
fortuna,40.5982,-124.1573,52.66,88,8,2.19,US,1682483240
cabo san lucas,22.8909,-109.9124,78.1,69,73,11.5,MX,1682483078
lihue,21.9789,-159.3672,78.04,74,75,12.66,US,1682483240
spring hill,28.4769,-82.5255,72.07,90,0,0.0,US,1682483080
biskra,34.8504,5.7281,71.11,20,0,2.3,DZ,1682483241
cartagena del chaira,1.3349,-74.8429,72.09,97,58,0.98,CO,1682483241
freetown,8.484,-13.2299,79.56,86,100,4.16,SL,1682483241
otse,-25.0167,25.7333,59.74,47,0,1.68,BW,1682483241
kobelyaky,49.1489,34.1965,49.14,72,93,5.03,UA,1682483241
vilyuysk,63.7553,121.6247,32.63,97,100,10.83,RU,1682483242
opuwo,-18.0607,13.84,68.72,57,3,3.67,NA,1682483242
boa vista,2.8197,-60.6733,73.38,94,75,4.61,BR,1682483242
souillac,-20.5167,57.5167,79.18,83,75,3.44,MU,1682483243
nikolayevsk-on-amure,53.1406,140.73,36.61,95,100,5.61,RU,1682483243
antofagasta,-23.65,-70.4,60.08,82,20,6.22,CL,1682483064
mahdia,35.5047,11.0622,62.55,54,39,5.53,TN,1682483244
kurmuk,10.55,34.2833,74.43,76,99,3.02,SD,1682483245
petropavlovsk-kamchatsky,53.0452,158.6483,41.59,45,75,13.42,RU,1682483044
zhanaozen,43.3,52.8,69.08,29,100,8.12,KZ,1682483245
kurumkan,54.3,110.3,49.35,31,47,0.94,RU,1682483245
sisa,-6.6167,-76.6915,70.23,98,81,2.51,PE,1682483246
kouango,4.9934,19.9619,72.91,92,100,4.65,CF,1682483246
al jahra',29.3375,47.6581,83.55,21,94,6.76,KW,1682483247
kolyshley,52.7005,44.5367,49.01,94,94,14.61,RU,1682483247
zhezqazghan,47.7833,67.7667,61.38,33,0,8.95,KZ,1682483247
wotho,10.1657,166.0102,81.14,83,69,23.4,MH,1682483248
ciudad lazaro cardenas,17.9583,-102.2,76.8,69,86,6.24,MX,1682482989
bonthe,7.5264,-12.505,76.03,87,100,5.77,SL,1682483248
phan rang-thap cham,11.5667,108.9833,94.32,41,94,15.61,VN,1682483249
sur,22.5667,59.5289,83.08,54,4,4.27,OM,1682483249
miragoane,18.4423,-73.0876,77.7,74,60,3.74,HT,1682483249
praya,14.9215,-23.5087,72.14,73,40,12.66,CV,1682483250
tippi,7.2,35.45,64.45,93,99,2.86,ET,1682483250
dumai,1.6833,101.45,86.7,66,100,4.07,ID,1682483250
namibe,-15.1961,12.1522,75.42,78,66,1.66,AO,1682483250
thunder bay,48.4001,-89.3168,28.38,80,20,31.07,CA,1682483251
sitka,57.0531,-135.33,44.49,57,100,13.8,US,1682483251
argo,37.6333,22.7333,61.79,75,100,4.68,GR,1682483251
namtsy,62.7161,129.6658,35.31,84,88,9.89,RU,1682483252
port alfred,-33.5906,26.891,68.18,97,86,1.99,ZA,1682483252
hancheng,32.5186,112.3522,73.94,47,3,11.83,CN,1682483252
pacocha,-17.5833,-71.3333,68.52,86,46,3.74,PE,1682483252
rongelap,11.1635,166.8941,80.8,83,97,22.57,MH,1682483253
gaalkacyo,6.7697,47.4308,79.77,74,9,8.5,SO,1682483253
bandundu,-3.3167,17.3667,72.12,97,99,2.08,CD,1682483254
nieuw amsterdam,5.8833,-55.0833,75.02,94,100,5.39,SR,1682483254
tsiombe,-25.3,45.4833,64.56,77,4,1.3,MG,1682483254
kabare,-2.4683,28.8242,60.24,92,100,0.89,CD,1682483254
axim,4.8699,-2.2405,79.75,87,100,5.48,GH,1682483255
playa del carmen,20.6274,-87.0799,74.89,79,63,7.9,MX,1682483128
harper,4.375,-7.7169,78.22,88,100,5.08,LR,1682483255
hanceville,34.0607,-86.7675,57.42,58,100,5.55,US,1682483256
ghadamis,30.1337,9.5007,69.28,16,4,8.14,LY,1682483256
mata-utu,-13.2816,-176.1745,82.78,74,76,6.31,WF,1682483256
binhe,32.6883,112.8275,73.99,43,2,10.22,CN,1682483257
penticton,49.4806,-119.5858,58.28,53,20,10.36,CA,1682483146
bei'an,24.5399,109.533,72.18,47,6,8.63,CN,1682483257
touros,-5.1989,-35.4608,76.57,89,74,8.7,BR,1682483257
margate,51.3813,1.3862,45.9,73,100,1.99,GB,1682483258
regina,50.4501,-104.6178,47.03,52,100,23.02,CA,1682483062
sao joaquim,-28.2939,-49.9317,51.8,91,99,2.8,BR,1682483258
lospalos,-8.5186,127.0025,80.94,72,99,9.31,TL,1682483258
zima,53.9202,102.0442,28.96,77,100,13.6,RU,1682483259
palangkaraya,-2.2,113.8333,87.31,69,99,2.17,ID,1682483259
mejit,10.2753,170.8646,81.01,79,92,19.91,MH,1682483259
sheopur,25.6667,76.7,90.1,19,97,6.91,IN,1682483259
enewetak,11.3474,162.3373,80.62,83,76,19.86,MH,1682483260
saint-pierre,-21.3393,55.4781,80.56,88,75,4.61,RE,1682483260
kill devil hills,36.0307,-75.676,57.97,72,0,8.05,US,1682483260
tuy hoa,13.0833,109.3,86.88,60,95,11.45,VN,1682483260
tapes,-30.6733,-51.3958,65.12,95,100,4.36,BR,1682483261
vorgashor,67.5833,63.95,18.16,95,57,12.26,RU,1682483261
shagonar,51.5333,92.8,34.86,41,98,2.86,RU,1682483261
pajan,-1.5667,-80.4167,74.68,94,100,0.92,EC,1682483261
saudarkrokur,65.7461,-19.6394,29.73,66,7,3.53,IS,1682483261
rio gallegos,-51.6226,-69.2181,37.45,87,0,1.14,AR,1682483261
nahariyya,33.0059,35.0941,63.05,73,1,3.8,IL,1682483262
mount pearl,47.5166,-52.7813,34.95,95,100,16.11,CA,1682483262
cobija,-11.0267,-68.7692,71.22,99,79,2.39,BO,1682483262
patterson,37.4716,-121.1297,71.55,45,5,6.13,US,1682483262
holualoa,19.6228,-155.9522,76.84,84,75,5.75,US,1682483262
vorkuta,67.5,64.0,18.3,95,55,12.01,RU,1682483262
porto de moz,-1.7483,-52.2383,72.84,97,80,1.52,BR,1682483262
bairnsdale,-37.8333,147.6167,71.06,65,2,4.0,AU,1682483263
general acha,-37.377,-64.6043,61.93,56,80,8.9,AR,1682483263
inongo,-1.95,18.2667,71.92,94,61,3.24,CD,1682483263
watampone,-4.5386,120.3279,86.11,69,75,5.68,ID,1682483263
yorosso,12.3536,-4.7761,86.34,22,96,1.99,ML,1682483263
olyokminsk,60.3736,120.4264,38.62,60,100,5.12,RU,1682483263
la tour-du-pin,45.5667,5.45,42.49,90,12,1.74,FR,1682483264
nogliki,51.8333,143.1667,36.46,84,100,14.0,RU,1682483264
tarariras,-34.2833,-57.6167,57.16,92,68,0.34,UY,1682483264
pyt-yakh,60.7499,72.8582,32.76,92,100,8.39,RU,1682483264
caromatan,7.7959,123.7145,89.15,60,100,4.27,PH,1682483264
weno,7.4515,151.8468,80.55,89,100,3.44,FM,1682483264
huayin,34.5675,110.0921,76.23,36,5,3.96,CN,1682483264
san luis de la paz,21.3,-100.5167,70.7,22,100,1.23,MX,1682483265
pitiquito,30.7,-112.0833,73.94,23,0,5.75,MX,1682483265
katabu,-4.9333,122.5167,83.73,72,100,2.35,ID,1682483265
tadine,-21.55,167.8833,78.39,74,100,6.96,NC,1682483265
haiku-pauwela,20.9219,-156.3051,75.04,84,75,11.5,US,1682483265
iquique,-20.2208,-70.1431,66.24,78,53,1.88,CL,1682483059
hadibu,12.65,54.0333,82.26,68,2,5.53,YE,1682483265
princeville,45.7668,-61.2985,34.32,96,0,2.86,CA,1682483266
afaahiti,-17.75,-149.2833,80.47,83,100,11.25,PF,1682483266
arraial do cabo,-22.9661,-42.0278,73.26,94,20,8.05,BR,1682483266
ugoofaaru,5.6667,73.0,83.86,72,55,9.04,MV,1682483266
rakvere,59.3464,26.3558,45.91,89,9,4.47,EE,1682483266
nizhneangarsk,55.7833,109.55,33.71,70,88,2.01,RU,1682483266
richard-toll,16.4625,-15.7008,72.55,57,0,13.31,SN,1682483267
port augusta,-32.5,137.7667,83.68,27,100,26.69,AU,1682483063
kambove,-10.8764,26.5969,56.44,95,43,3.98,CD,1682483267
saint-philippe,-21.3585,55.7679,76.12,85,24,5.59,RE,1682483267
gazojak,41.1875,61.4036,70.65,21,24,22.12,TM,1682483046
crane,31.3974,-102.3501,68.76,58,11,20.96,US,1682483267
muroto-misakicho,33.2833,134.15,63.21,78,100,3.36,JP,1682483268
fonte boa,-2.4959,-66.2662,72.27,98,51,2.51,BR,1682483268
garachico,28.7781,-17.7646,62.71,72,0,6.91,ES,1682483268
kruisfontein,-34.0033,24.7314,58.33,93,45,3.8,ZA,1682483268
peace river,56.2501,-117.286,41.31,52,20,6.91,CA,1682483268
ixtapa,20.7,-105.2,75.22,83,40,3.44,MX,1682483268
majene,-3.5403,118.9707,86.22,67,70,5.61,ID,1682483269
camana,-16.6228,-72.7111,69.17,89,20,5.7,PE,1682483269
karachev,53.1229,34.9852,50.41,79,98,4.88,RU,1682483269
ghat,24.9647,10.1728,72.54,24,2,0.69,LY,1682483269
jinghong,21.991,100.7341,95.49,24,13,5.55,CN,1682483269
tchaourou,8.8865,2.5975,76.78,84,100,5.5,BJ,1682483269
colby,39.3958,-101.0524,45.0,92,100,14.97,US,1682483269
colares,38.7992,-9.4469,61.32,78,41,18.01,PT,1682483270
gadzhiyevo,69.2551,33.3362,22.19,87,82,3.94,RU,1682483270
oyama,36.3,139.8,62.02,92,100,6.67,JP,1682483270
usinsk,65.9939,57.5281,27.52,87,12,8.03,RU,1682483270
mweka,-4.85,21.5667,68.05,96,62,1.25,CD,1682483270
chinde,26.8418,88.0763,74.98,29,80,5.21,NP,1682483270
igarka,67.4667,86.5833,28.15,94,100,14.05,RU,1682483270
gizo,-8.103,156.8419,84.25,70,50,2.91,SB,1682483271
tibati,6.4667,12.6333,69.55,85,100,1.32,CM,1682483271
ust'-ilimsk,58.0006,102.6619,32.27,85,100,8.37,RU,1682483271
mirnyy,62.5353,113.9611,30.24,74,100,1.99,RU,1682483271
morris,40.8334,-74.5329,50.09,70,0,0.0,US,1682483147
bardai,11.65,7.2333,82.6,41,98,6.93,NG,1682483271
ancud,-41.8697,-73.8203,52.23,96,94,3.29,CL,1682483271
juan griego,11.0817,-63.9655,76.98,87,100,5.88,VE,1682483238
tazovsky,67.4667,78.7,17.22,89,39,7.56,RU,1682483272
elko,41.0002,-115.5012,46.22,49,5,3.0,US,1682483272
lupane,-18.9315,27.807,58.14,55,14,6.04,ZW,1682483272
siwa oasis,29.2041,25.5195,67.77,50,0,7.38,EG,1682483272
saham al kaffarat,32.6983,35.7761,48.65,76,0,0.4,JO,1682483272
bokhan,53.153,103.7714,27.97,92,100,17.63,RU,1682483272
polski trambesh,43.3836,25.6497,50.54,85,99,6.91,BG,1682483272
cerignola,41.264,15.9005,52.56,86,53,13.85,IT,1682483273
anar darah,32.7587,61.654,82.42,13,3,1.59,AF,1682483273
ola,59.5833,151.2833,35.35,71,67,5.1,RU,1682483273
mingshui,36.7167,117.5,68.47,15,0,6.2,CN,1682483273
port lincoln,-34.7333,135.8667,79.02,38,98,20.13,AU,1682483273
zaozersk,69.4005,32.4476,22.78,90,90,1.43,RU,1682483273
praia da vitoria,38.7333,-27.0667,64.65,82,20,14.0,PT,1682483273
kahror pakka,29.6238,71.9167,94.91,13,98,12.08,PK,1682483274
fisterra,42.9049,-9.2629,61.02,95,100,7.83,ES,1682483274
banamba,13.55,-7.45,78.66,15,5,7.4,ML,1682483274
lodja,-3.4833,23.4333,68.43,98,100,2.17,CD,1682483274
dien bien phu,21.3833,103.0167,87.3,48,83,4.09,VN,1682483274
mezhdurechenskiy,59.6,65.9333,54.95,70,63,4.92,RU,1682483274
prince rupert,54.3161,-130.3201,44.29,91,100,48.34,CA,1682483274
zahedan,29.4963,60.8629,73.31,28,0,6.91,IR,1682483275
motueka,-41.1333,173.0167,57.02,84,54,8.9,NZ,1682483275
vernon,50.2581,-119.2691,51.33,51,95,5.75,CA,1682483275
shangqiu,34.45,115.65,72.25,42,0,9.57,CN,1682483275
xifeng,42.7372,124.7222,52.7,26,0,7.52,CN,1682483275
wynyard,-41.0,145.7167,66.97,73,18,6.35,AU,1682483275
new plymouth,-39.0667,174.0833,59.31,60,17,16.82,NZ,1682483275
khabary,53.6259,79.5345,57.33,54,88,8.7,RU,1682483276
kerugoya,-0.4989,37.2803,61.03,95,100,1.77,KE,1682483276
akobo,7.4344,3.9497,74.23,94,87,2.28,NG,1682483276
mekhe,15.1097,-16.6218,67.51,89,1,8.52,SN,1682483276
lashio,22.9333,97.75,93.6,24,0,3.6,MM,1682483276
rizhao,35.4275,119.4553,60.08,36,0,8.72,CN,1682483276
prado,-17.3411,-39.2208,72.43,93,8,3.76,BR,1682483276
fatehpur sikri,27.1,77.6667,90.64,17,99,4.14,IN,1682483277
concepcion,-36.827,-73.0498,51.6,100,99,1.14,CL,1682483114
laela,-8.5667,32.05,59.95,95,69,3.42,TZ,1682483277
ozalp,38.6548,43.993,43.9,62,6,0.92,TR,1682483277
archangelos,36.2149,28.1149,57.31,66,100,2.77,GR,1682483277
faya-largeau,17.9257,19.1043,82.81,13,1,11.3,TD,1682483278
san mariano,7.5,126.0,86.59,66,65,4.68,PH,1682483278
molepolole,-24.4066,25.4951,51.94,56,0,2.68,BW,1682483278
bithlo,28.5547,-81.1065,72.79,91,16,4.38,US,1682483278
tilisarao,-32.7329,-65.2911,57.16,74,69,1.21,AR,1682483278
sharypovo,55.5403,89.2008,32.52,85,100,9.98,RU,1682483278
kolonia town,6.964,158.206,82.6,78,24,12.5,FM,1682483278
kalevala,65.2,31.1667,32.52,98,100,9.01,RU,1682483278
kwang binh,17.4833,106.6,73.87,94,100,10.4,VN,1682483279
maintirano,-18.0667,44.0167,71.15,84,3,6.22,MG,1682483279
pirane,-25.7324,-59.1088,59.7,98,1,3.8,AR,1682483279
toliara,-23.35,43.6667,65.71,81,0,11.39,MG,1682483279
ballina,-28.8667,153.5667,72.79,55,53,12.82,AU,1682483279
kachug,53.9606,105.8817,32.36,81,100,9.53,RU,1682483279
nahiyat ash shinafiyah,31.5874,44.6602,76.1,24,0,2.51,IQ,1682483279
naracoorte,-36.9579,140.7383,77.2,36,100,16.15,AU,1682483280
vikhorevka,56.1201,101.1636,31.59,56,100,12.95,RU,1682483280
aras-asan,8.8908,126.3033,85.15,67,79,6.44,PH,1682483280
nueil-les-aubiers,46.9377,-0.5887,50.9,97,100,6.87,FR,1682483280
marsa alam,25.0757,34.8918,74.73,41,0,16.4,EG,1682483127
riosucio,5.4216,-75.7032,58.41,97,92,1.68,CO,1682483280
balancan,17.8,-91.5333,78.4,76,76,8.08,MX,1682483281
soio,-6.1349,12.3689,78.31,85,100,6.04,AO,1682483281
tome acu,-2.4189,-48.1522,72.82,99,94,1.45,BR,1682483281
vashkivtsi,48.3849,25.5102,39.51,96,100,19.1,UA,1682483281
kodinsk,58.6881,99.1844,32.92,83,100,10.36,RU,1682483281
sao jose da coroa grande,-8.8978,-35.1478,76.17,88,97,3.94,BR,1682483281
la passe,45.5549,-0.8967,55.63,97,100,7.4,FR,1682483282
okakarara,-20.5833,17.4333,66.42,52,55,4.21,NA,1682483282
mahina,-17.5065,-149.489,82.17,74,75,2.3,PF,1682483282
yigo village,13.5361,144.8886,87.12,73,75,19.57,GU,1682483283
benguela,-12.5763,13.4055,78.39,88,92,1.14,AO,1682483283
saint-francois,46.4154,3.9054,36.84,93,0,3.44,FR,1682483283
neustadt am rubenberge,52.5046,9.4587,37.06,86,0,5.75,DE,1682483284
roma,43.2128,-75.4557,39.87,89,0,4.61,US,1682483284
oban,56.4127,-5.4706,33.39,79,99,3.89,GB,1682483285
okhotsk,59.3833,143.3,34.03,81,72,7.94,RU,1682483285
sorab,14.3833,75.1,84.18,49,14,3.78,IN,1682483286
laramie,41.3114,-105.5911,37.78,78,100,6.91,US,1682483286
castillos,-34.1667,-53.8333,61.45,96,97,3.71,UY,1682483287
tegina,10.0706,6.1906,79.83,66,95,3.49,NG,1682483287
cururupu,-1.8283,-44.8683,74.07,97,64,3.0,BR,1682483288
port moresby,-9.4431,147.1797,87.22,70,40,17.27,PG,1682483288
cananeia,-25.0147,-47.9267,67.73,93,100,3.8,BR,1682483289
callao,-12.0667,-77.15,75.72,78,75,10.36,PE,1682483102
okondja,-0.6549,13.6753,71.11,99,100,1.68,GA,1682483289
flying fish cove,-10.4217,105.6791,80.42,79,100,7.49,CX,1682483289
dudinka,69.4058,86.1778,31.62,96,100,11.34,RU,1682483290
tazacorte,28.629,-17.9293,65.37,78,0,6.91,ES,1682483290
berdigestyakh,62.0989,126.6992,33.44,97,100,8.03,RU,1682483290
parvatsar,26.8833,74.7667,88.02,18,100,11.59,IN,1682483291
metlili chaamba,32.2667,3.6333,72.54,23,0,3.44,DZ,1682483291
pechora,65.1472,57.2244,29.43,89,47,2.51,RU,1682483291
manaure,11.7751,-72.4445,80.51,71,12,10.63,CO,1682483292
patamda,24.3,85.4167,91.24,22,35,6.24,IN,1682483292
hilo,19.7297,-155.09,76.73,74,20,10.36,US,1682483287
eirunepe,-6.6603,-69.8736,71.1,99,47,1.28,BR,1682483293
verkhnevilyuysk,63.4453,120.3167,33.17,90,100,6.35,RU,1682483293
howard springs,-12.497,131.047,91.98,70,100,10.65,AU,1682483293
santa marinella,42.0345,11.8536,51.71,75,1,11.1,IT,1682483294
pariaman,-0.619,100.12,84.25,69,96,4.99,ID,1682483294
tianpeng,30.9866,103.9393,75.67,45,100,5.68,CN,1682483295
ruzayevka,54.0639,44.9509,52.23,86,79,14.18,RU,1682483295
mingyue,43.1069,128.9217,53.65,20,48,8.08,CN,1682483295
oranjemund,-28.55,16.4333,56.98,92,35,4.79,NA,1682483295
qarauyl,48.9451,79.255,56.55,38,2,10.07,KZ,1682483296
tobruk,32.0836,23.9764,62.28,65,61,3.83,LY,1682483056
minas de marcona,-15.2119,-75.1103,62.01,84,34,7.23,PE,1682483296
nkove,-7.95,30.85,71.87,80,0,6.71,TZ,1682483296
maun,-19.9833,23.4167,62.56,72,0,2.3,BW,1682483297
mek'ele,13.4967,39.4753,64.85,66,71,6.53,ET,1682483297
teplyk,48.6657,29.745,48.7,80,100,13.29,UA,1682483298
khash,28.2211,61.2158,68.4,29,0,2.42,IR,1682483298
yorkton,51.2167,-102.4677,40.84,60,0,17.27,CA,1682483207
maracacume,-2.0428,-45.9592,72.97,98,99,1.63,BR,1682483299
badvel,14.75,79.05,89.69,57,98,5.79,IN,1682483299
monroeville,40.4212,-79.7881,48.18,66,78,3.2,US,1682483299
udaipur,24.5712,73.6918,81.5,23,100,12.26,IN,1682483300
venray,51.5167,5.9667,34.93,93,31,0.0,NL,1682483300
natal,-5.795,-35.2094,77.65,94,75,6.91,BR,1682483301
lorengau,-2.0226,147.2712,83.84,77,40,5.86,PG,1682483301
belgrade,44.804,20.4651,46.38,93,40,6.91,RS,1682483302
camapua,-19.5314,-54.0439,69.42,87,0,2.98,BR,1682483302
tondon,10.3667,-13.35,72.7,91,76,1.48,GN,1682483306
swakopmund,-22.6833,14.5333,58.98,88,1,1.99,NA,1682483306
sao vicente,-23.9631,-46.3919,74.26,26,29,1.01,BR,1682483307
qui nhon,13.7667,109.2333,84.0,67,74,15.59,VN,1682483307
bambanglipuro,-7.95,110.2833,85.91,68,71,7.02,ID,1682483307
fort bragg,35.139,-79.006,58.55,73,100,1.99,US,1682483305
egilsstadir,65.2653,-14.3948,26.51,86,75,4.61,IS,1682483308
usogorsk,63.4106,48.6872,35.29,99,100,5.46,RU,1682483309
emerald,-23.5333,148.1667,82.35,35,24,9.62,AU,1682483309
zag,46.9441,99.165,33.53,26,37,24.16,MN,1682483310
chimore,-16.9833,-65.1333,72.25,98,89,1.74,BO,1682483311
garissa,-0.4536,39.6401,78.03,83,99,8.25,KE,1682483311
emirgazi,37.9022,33.8372,50.5,56,100,5.35,TR,1682483312
turpan,42.9333,89.1667,74.23,19,44,6.69,CN,1682483312
revda,56.801,59.9303,58.53,53,100,4.88,RU,1682483313
timimoun,29.2639,0.231,74.98,21,0,3.96,DZ,1682483314
glace bay,46.1969,-59.957,34.97,91,20,4.61,CA,1682483239
belaya kholunitsa,58.84,50.8528,51.57,91,100,8.9,RU,1682483317
antsohihy,-14.8796,47.9875,75.85,90,31,1.57,MG,1682483319
hibaiyo,10.2726,123.321,88.21,61,62,6.4,PH,1682483320
attleborough,52.5129,-1.4549,41.61,78,100,1.01,GB,1682483321
morondava,-20.2833,44.2833,70.81,81,0,5.41,MG,1682483322
labin,45.095,14.1197,46.94,81,14,5.68,HR,1682483324
guasdualito,7.2424,-70.7324,73.65,95,88,2.3,VE,1682483325
